a, b, c, d, e
38, 39, 40, 41, 42
37, 38, 39, 40, 41
36, 37, 38, 39, 40
35, 36, 37, 38, 39
34, 35, 36, 37, 38
33, 34, 35, 36, 37
32, 33, 34, 35, 36
31, 32, 33, 34, 35
30, 31, 32, 33, 34
29, 30, 31, 32, 33
28, 29, 30, 31, 32
27, 28, 29, 30, 31
26, 27, 28, 29, 30
25, 26, 27, 28, 29
24, 25, 26, 27, 28
23, 24, 25, 26, 27
22, 23, 24, 25, 26
21, 22, 23, 24, 25
20, 21, 22, 23, 24
19, 20, 21, 22, 23
18, 19, 20, 21, 22
17, 18, 19, 20, 21
16, 17, 18, 19, 20
15, 16, 17, 18, 19
14, 15, 16, 17, 18
13, 14, 15, 16, 17
12, 13, 14, 15, 16
11, 12, 13, 14, 15
10, 11, 12, 13, 14
9, 10, 11, 12, 13
8, 9, 10, 11, 12
7, 8, 9, 10, 11
6, 7, 8, 9, 10
5, 6, 7, 8, 9
4, 5, 6, 7, 8
3, 4, 5, 6, 7
2, 3, 4, 5, 6
1, 2, 3, 4, 5
0, 1, 2, 3, 4
